player_id,num_sessions,total_playtime,in_game_purchases,days_since_last_session,level_reached,churn,country,device,avg_session_length,achievements_unlocked,social_interactions
P0001,23,25.886602034465387,3,22,99,1,Japan,Mobile,1.1255044362811037,33,2
P0002,15,38.55912832150679,2,15,53,0,UK,PC,2.5706085547671194,41,8
P0003,21,38.46286475319053,0,12,61,0,USA,Console,1.831564988247168,19,9
P0004,25,35.90145348336703,3,10,46,0,USA,Console,1.4360581393346812,96,9
P0005,15,62.44212262897623,3,16,85,1,USA,Console,4.162808175265082,67,7
P0006,17,47.09260791840795,2,16,74,1,UK,PC,2.7701534069651736,44,4
P0007,19,46.03227738034084,0,1,80,0,USA,Console,2.42275144107057,74,8
P0008,21,19.942064533898698,3,12,7,0,India,PC,0.9496221206618427,41,7
P0009,17,59.5312704531384,2,13,4,0,UK,Mobile,3.5018394384199056,46,5
P0010,19,31.41112407719791,4,10,91,0,Japan,Mobile,1.653217056694627,4,6
P0011,16,50.89898945399492,1,27,52,1,Canada,PC,3.1811868408746826,88,4
P0012,21,54.160654069372875,3,9,89,0,Japan,Console,2.5790787652082323,48,4
P0013,21,70.40987893757976,2,2,31,0,UK,PC,3.352851377979989,36,4
P0014,17,30.36769401321332,4,28,75,1,UK,PC,1.7863349419537247,33,5
P0015,22,5.0,0,26,84,1,Germany,PC,0.5,72,4
P0016,14,52.75774317130542,2,16,36,1,Germany,Mobile,3.768410226521816,69,7
P0017,17,77.0076677226628,1,14,54,0,Germany,PC,4.5298628072154585,17,2
P0018,17,68.58419529409156,1,8,54,0,Australia,Mobile,4.034364429064209,77,4
P0019,21,53.14489122911939,1,9,17,0,Australia,PC,2.5307091061485423,18,1
P0020,21,42.62545721551929,0,7,75,0,Brazil,Mobile,2.02978367692949,77,6
P0021,13,62.10683894955966,1,20,30,1,Australia,PC,4.777449149966127,39,1
P0022,18,35.39680700443297,2,12,99,0,India,PC,1.966489278024054,16,6
P0023,25,57.14536654034329,3,26,22,1,UK,Console,2.2858146616137316,59,6
P0024,17,57.5820523874994,5,17,43,1,Japan,Console,3.387179552205847,98,0
P0025,24,65.90314861248319,3,4,27,0,UK,PC,2.745964525520133,92,6
P0026,23,91.39490058366616,2,5,37,0,Germany,PC,3.9736913297246157,41,1
P0027,24,55.88623950768151,4,29,46,1,UK,PC,2.328593312820063,80,4
P0028,18,42.36554561438752,3,16,35,1,Canada,PC,2.353641423021529,71,6
P0029,26,49.616385317120084,2,10,4,0,Australia,Console,1.9083225121969263,64,7
P0030,18,23.463861426663225,1,19,80,1,UK,Mobile,1.303547857036846,52,6
P0031,17,39.579303033664125,1,15,80,0,Japan,PC,2.3281942960978896,99,3
P0032,23,43.86076342830344,4,8,85,0,USA,Console,1.9069897142740628,6,7
P0033,26,42.138674030981115,5,1,26,0,Canada,PC,1.620718231960812,4,6
P0034,14,52.28532308050583,1,4,19,0,Canada,PC,3.7346659343218453,23,5
P0035,24,37.66370101426699,3,0,81,0,UK,Mobile,1.5693208755944579,27,7
P0036,24,66.81546000986707,2,3,45,0,Brazil,PC,2.783977500411128,61,4
P0037,20,50.00310597377295,1,3,26,0,Germany,PC,2.5001552986886475,16,7
P0038,17,49.860495182920786,2,21,22,1,India,Mobile,2.9329703048776934,19,1
P0039,27,45.081579252306234,1,25,58,1,India,Mobile,1.6696881204557865,2,2
P0040,19,52.32786025788469,2,24,63,1,USA,Mobile,2.7540979083097206,36,2
P0041,16,62.37647397001452,1,2,28,0,India,Mobile,3.8985296231259077,89,6
P0042,17,36.9930467643365,0,8,65,0,India,Console,2.176061574372735,14,8
P0043,28,40.12825266387115,2,21,44,1,Germany,Console,1.4331518808525412,50,6
P0044,24,45.44410956835003,1,22,43,1,Australia,Console,1.893504565347918,47,0
P0045,27,29.811936147901775,2,11,37,0,Germany,PC,1.1041457832556214,7,10
P0046,17,37.71113210417754,3,9,66,0,Brazil,Mobile,2.2183018884810317,12,2
P0047,16,42.85668689683011,0,1,17,0,Japan,Mobile,2.678542931051882,47,5
P0048,19,63.11583771069091,0,10,40,0,USA,Console,3.3218861952995216,2,8
P0049,14,53.938419935028875,2,9,38,0,India,PC,3.852744281073491,64,5
P0050,29,52.90384867051316,1,29,85,1,Brazil,PC,1.8242706438107987,72,4
P0051,20,62.763469432519585,2,21,61,1,USA,PC,3.1381734716259793,30,3
P0052,32,47.93942317400905,3,5,9,0,Canada,Console,1.4981069741877828,25,7
P0053,20,55.856972748933345,2,17,77,1,India,PC,2.7928486374466672,80,7
P0054,17,48.451673706012556,3,1,75,0,India,PC,2.8500984532948563,55,3
P0055,21,53.980435240994424,3,29,61,1,Germany,PC,2.57049691623783,33,3
P0056,10,41.25862013582627,3,1,80,0,UK,Mobile,4.125862013582627,8,2
P0057,27,13.417742625853563,2,9,16,0,USA,Console,0.5,61,2
P0058,14,47.985812567205436,0,15,2,0,India,Mobile,3.427558040514674,12,7
P0059,22,71.3412220414991,2,11,72,0,Australia,Mobile,3.2427828200681406,68,4
P0060,16,63.893231033623884,2,0,43,0,USA,Console,3.9933269396014928,40,1
P0061,18,64.48096226886756,2,20,42,1,Japan,Mobile,3.582275681603753,76,3
P0062,22,68.54196082709326,3,7,77,0,Australia,PC,3.1155436739587845,0,10
P0063,13,51.32986386442156,1,15,57,0,Brazil,PC,3.9484510664939663,88,3
P0064,17,52.959735611083936,2,17,81,1,Australia,PC,3.1152785653578787,46,6
P0065,22,40.73522156848475,0,12,88,0,Brazil,PC,1.8516009803856703,3,4
P0066,20,45.25890715959425,0,14,67,0,UK,Console,2.2629453579797127,99,5
P0067,22,59.23656724656712,2,20,30,1,India,Mobile,2.6925712384803235,62,3
P0068,23,68.05826655753225,3,11,13,0,Australia,Mobile,2.9590550677187935,51,7
P0069,29,47.90830586478501,1,7,19,0,Japan,PC,1.652010547061552,9,5
P0070,18,43.24716102722883,1,9,7,0,Germany,PC,2.402620057068268,27,2
P0071,17,50.00791938284896,4,13,9,0,India,Mobile,2.941642316638174,5,6
P0072,25,59.01810123393672,1,4,83,0,USA,Console,2.3607240493574686,26,3
P0073,20,28.342177757996872,2,17,54,1,Canada,Mobile,1.4171088878998437,11,2
P0074,27,15.557285702941428,0,18,86,1,Brazil,PC,0.5761957667756085,61,7
P0075,18,41.74194725762625,4,14,82,0,USA,PC,2.318997069868125,51,6
P0076,26,31.68931361128762,3,5,61,0,UK,Console,1.218819754280293,47,3
P0077,22,42.37789703529034,2,26,87,1,Brazil,Mobile,1.9262680470586517,66,5
P0078,21,47.78329521773793,2,10,2,0,Germany,Console,2.275395010368473,45,7
P0079,13,43.2012738646548,3,20,50,1,Brazil,Console,3.323174912665754,96,4
P0080,21,71.78701301706118,3,10,75,0,Canada,PC,3.4184291912886278,73,4
P0081,22,54.9011714690348,1,19,31,1,Australia,Mobile,2.4955077940470365,94,3
P0082,23,54.507115394162426,3,19,33,1,Japan,PC,2.369874582354888,14,6
P0083,18,59.333107160651025,3,20,78,1,Australia,Mobile,3.296283731147279,70,4
P0084,22,32.917503233288464,0,17,80,1,India,PC,1.4962501469676575,35,5
P0085,22,65.58667681130403,4,24,11,1,Canada,PC,2.9812125823320015,13,7
P0086,13,48.863535701968104,4,17,33,1,Japan,Mobile,3.758733515536008,77,4
P0087,17,60.05720925861819,2,9,7,0,Canada,Mobile,3.5327770152128344,2,3
P0088,27,33.92214150439767,2,1,31,0,India,PC,1.256375611273988,66,1
P0089,24,26.693618509759034,2,25,48,1,Brazil,Mobile,1.112234104573293,85,5
P0090,21,62.26834487037543,0,29,47,1,UK,PC,2.965159279541687,18,8
P0091,15,55.64614289146275,2,8,78,0,India,Mobile,3.70974285943085,98,5
P0092,17,36.46922668463735,2,13,92,0,India,PC,2.1452486285080794,75,5
P0093,22,36.95505378087958,3,18,53,1,Japan,PC,1.6797751718581628,53,3
P0094,27,66.88152176622154,0,9,80,0,Germany,PC,2.477093398748946,68,3
P0095,17,32.15882160699008,1,22,19,1,Australia,Console,1.8916953886464754,9,6
P0096,25,74.64009429883944,3,3,81,0,Brazil,Mobile,2.9856037719535777,32,5
P0097,15,36.49068898028197,3,28,90,1,India,PC,2.4327125986854647,12,7
P0098,29,59.57587888412574,4,28,6,1,UK,Console,2.0543406511767497,98,6
P0099,21,45.07072286376523,0,5,49,0,USA,PC,2.146224898274535,50,8
P0100,14,59.047811466235146,3,13,73,0,Brazil,Console,4.217700819016796,31,8
P0101,26,41.838289968287114,1,3,50,0,Germany,PC,1.6091649987802736,74,8
P0102,23,47.558106408915584,2,25,81,1,Canada,PC,2.067743756909373,23,9
P0103,18,50.61378763093582,5,14,95,0,India,Console,2.8118770906075454,34,5
P0104,20,34.96718816327791,0,15,12,0,UK,Console,1.7483594081638956,82,3
P0105,24,61.11236518130189,1,6,23,0,Brazil,Mobile,2.546348549220912,69,4
P0106,23,42.30179650292622,3,16,54,1,UK,Mobile,1.839208543605488,39,5
P0107,26,46.571001269899725,3,18,69,1,UK,Console,1.7911923565346048,53,6
P0108,18,35.08475938087231,1,28,59,1,Australia,Mobile,1.9491532989373508,43,7
P0109,21,11.564995118070343,0,18,36,1,Japan,Console,0.5507140532414448,61,4
P0110,19,47.13458356099746,3,16,3,1,Canada,Mobile,2.4807675558419717,98,6
P0111,17,86.18923132419374,3,5,58,0,Germany,PC,5.069954783776103,67,13
P0112,7,61.769064318470356,0,28,88,1,Australia,Mobile,8.824152045495765,32,3
P0113,25,49.71109430398408,2,10,55,0,Brazil,PC,1.9884437721593633,76,7
P0114,14,46.05663756187599,0,15,57,0,India,PC,3.289759825848285,55,7
P0115,24,50.33698839218069,4,29,17,1,Germany,Mobile,2.0973745163408624,35,2
P0116,22,58.20678672762815,0,24,39,1,India,Console,2.6457630330740067,53,5
P0117,20,32.28780777036732,2,7,90,0,USA,PC,1.6143903885183661,18,2
P0118,20,66.71482542003308,1,10,68,0,UK,PC,3.335741271001654,42,4
P0119,24,60.73071973161866,0,6,55,0,USA,Mobile,2.530446655484111,11,3
P0120,19,60.772785885619015,1,25,45,1,Japan,Console,3.1985676781904746,10,3
P0121,25,56.57713608214591,2,23,76,1,UK,Console,2.2630854432858367,69,1
P0122,19,50.294249865409846,5,21,1,1,Canada,Mobile,2.647065782389992,11,7
P0123,15,60.0929185395023,1,24,21,1,Germany,Console,4.0061945693001535,90,4
P0124,21,58.87721200612067,3,18,83,1,India,Mobile,2.8036767621962224,40,9
P0125,22,44.68938933588464,1,25,21,1,Australia,Mobile,2.0313358789038474,24,4
P0126,30,41.39597340654649,5,9,52,0,Japan,Mobile,1.3798657802182164,2,6
P0127,21,51.527844428929804,2,8,82,0,Canada,PC,2.4537068775680857,2,3
P0128,19,73.23530227242782,0,3,43,0,India,PC,3.8544895932856744,83,8
P0129,18,31.413393865191487,1,22,52,1,Germany,PC,1.7451885480661937,27,6
P0130,10,27.9871210137134,2,14,67,0,Brazil,Mobile,2.79871210137134,22,5
P0131,25,52.47141261854775,0,12,44,0,Japan,PC,2.09885650474191,47,3
P0132,20,50.76331552784027,1,24,32,1,USA,PC,2.5381657763920136,66,11
P0133,20,52.60012496555612,3,1,10,0,USA,PC,2.630006248277806,41,7
P0134,15,53.659297968627506,0,1,64,0,Australia,Mobile,3.5772865312418336,87,6
P0135,19,46.65196618047792,0,15,79,0,India,Mobile,2.4553666410777852,39,6
P0136,22,72.34795157903123,2,8,69,0,India,Mobile,3.2885432535923287,5,6
P0137,18,25.986440322852268,2,27,68,1,India,PC,1.4436911290473482,19,6
P0138,20,37.57254462829631,2,12,28,0,Japan,Console,1.8786272314148156,10,5
P0139,22,48.45117859776429,4,2,53,0,Germany,PC,2.202326299898377,95,8
P0140,12,25.352167832687492,3,8,51,0,Brazil,PC,2.1126806527239577,26,6
P0141,29,47.362183933518935,1,12,53,0,USA,Mobile,1.6331787563282392,20,8
P0142,18,74.92205248592028,3,20,4,1,Canada,Mobile,4.162336249217793,12,13
P0143,19,50.313297324439425,1,21,79,1,UK,PC,2.648068280233654,85,4
P0144,29,53.460513585780255,3,1,17,0,Japan,PC,1.8434659857165605,34,1
P0145,15,31.097528522411295,3,7,67,0,Japan,Console,2.073168568160753,46,4
P0146,13,40.75457887940784,2,26,74,1,Germany,Console,3.134967606108295,85,2
P0147,13,44.37205429514094,3,8,47,0,USA,Mobile,3.4132349457800726,27,7
P0148,12,45.23427354865649,2,15,56,0,Australia,Console,3.769522795721374,20,4
P0149,25,69.22465692505654,3,1,23,0,Brazil,Console,2.7689862770022615,17,5
P0150,25,58.36536591087687,1,5,18,0,Germany,Mobile,2.3346146364350746,30,8
P0151,14,33.32813064594452,3,21,1,1,Canada,Console,2.3805807604246083,59,6
P0152,23,53.697571676480074,2,7,35,0,USA,PC,2.3346770294121773,36,5
P0153,17,57.47332622745178,4,25,64,1,Germany,Console,3.3807838957324576,20,2
P0154,23,67.102235577819,3,27,58,1,USA,Mobile,2.917488503383435,13,6
P0155,18,73.70811029852561,1,4,95,0,USA,PC,4.094895016584756,88,5
P0156,18,34.77358712258197,1,8,59,0,Australia,Console,1.931865951254554,90,6
P0157,26,37.83713733184493,2,0,1,0,Japan,PC,1.4552745127632665,59,3
P0158,23,31.136332116280755,4,8,3,0,Brazil,PC,1.3537535702730763,22,6
P0159,20,46.48970211339528,2,9,67,0,Japan,Console,2.324485105669764,94,6
P0160,18,56.995375616695014,3,22,37,1,UK,Console,3.1664097564830564,28,4
P0161,27,64.81001774883653,1,3,83,0,Brazil,Mobile,2.4003710277346864,46,7
P0162,30,48.86073464536216,2,2,29,0,USA,Mobile,1.6286911548454053,29,4
P0163,22,45.202287151177345,4,29,89,1,Germany,PC,2.0546494159626065,89,0
P0164,17,52.27636988373111,4,9,33,0,Canada,Mobile,3.0750805813959476,83,9
P0165,22,37.472856475549655,1,14,61,0,Australia,PC,1.7033116579795298,37,1
P0166,24,81.3430808254216,3,10,93,0,Brazil,PC,3.3892950343925663,82,6
P0167,13,25.88508459322912,0,13,90,0,UK,Mobile,1.9911603533253168,26,4
P0168,11,52.77110868343587,2,5,4,0,USA,Mobile,4.7973735166759885,88,5
P0169,19,80.35409328844459,5,11,14,0,Canada,Mobile,4.229162804654979,86,6
P0170,18,50.10199766839997,1,12,91,0,Brazil,Console,2.7834443149111094,92,8
P0171,22,47.14941447497758,2,16,33,1,Japan,PC,2.143155203408072,14,4
P0172,12,44.63831865784359,2,15,22,0,Japan,PC,3.7198598881536324,58,5
P0173,23,47.29412477356388,0,2,48,0,Brazil,PC,2.056266294502777,2,10
P0174,18,70.59272712014796,3,1,3,0,Brazil,Mobile,3.921818173341553,9,5
P0175,18,16.822071330057398,1,10,87,0,Brazil,Mobile,0.9345595183365221,78,7
P0176,24,73.00150551944489,4,28,85,1,Canada,Mobile,3.0417293966435373,79,6
P0177,19,28.640642713247825,5,8,23,0,Japan,Mobile,1.507402248065675,16,4
P0178,13,46.00021506148378,3,2,68,0,Germany,Mobile,3.5384780816525985,82,3
P0179,11,43.56133369552008,2,28,21,1,UK,Console,3.96012124504728,10,5
P0180,14,58.828299046560794,0,17,43,1,UK,Mobile,4.2020213604686285,47,4
P0181,23,26.028134721743786,3,19,95,1,Australia,PC,1.1316580313801645,4,4
P0182,32,56.93258999122914,1,14,85,0,USA,Mobile,1.7791434372259107,68,5
P0183,17,80.36464434930278,1,13,26,0,India,PC,4.727332020547222,63,2
P0184,12,29.552389931107843,1,1,41,0,Germany,Mobile,2.4626991609256534,13,7
P0185,22,52.84559251415593,1,16,99,1,Japan,Mobile,2.4020723870070877,49,3
P0186,19,40.070267333050865,2,21,38,1,USA,PC,2.1089614385816247,25,5
P0187,21,56.388308092895535,2,25,88,1,Australia,PC,2.6851575282331206,71,6
P0188,9,50.28721666123628,1,7,11,0,USA,PC,5.587468517915142,68,8
P0189,19,40.37769636433536,0,9,29,0,Brazil,PC,2.1251419139123873,6,5
P0190,17,57.31808427306611,5,25,60,1,India,Console,3.3716520160627126,15,3
P0191,19,77.06522164680115,0,17,67,1,Japan,PC,4.05606429720006,54,3
P0192,21,47.13644312409052,0,29,65,1,India,Mobile,2.244592529718596,77,5
P0193,23,60.79636913222273,1,24,61,1,Germany,Mobile,2.643320397053162,55,7
P0194,17,30.600905631932545,1,28,19,1,India,Console,1.8000532724666203,3,5
P0195,22,35.65345434772987,3,18,46,1,USA,PC,1.6206115612604486,99,5
P0196,27,57.08609416820566,1,7,49,0,India,Mobile,2.114299784007617,47,10
P0197,30,72.26174042803947,0,27,22,1,India,Console,2.408724680934649,16,2
P0198,21,55.3342002317849,1,7,78,0,UK,Mobile,2.634961915799281,35,6
P0199,28,45.30412954215269,4,2,57,0,Japan,Console,1.618004626505453,69,7
P0200,9,49.98937108135031,2,2,14,0,Japan,Console,5.554374564594479,79,4
P0201,18,31.243883990454236,0,11,44,0,USA,PC,1.735771332803013,92,11
P0202,21,59.0677298953305,3,21,16,1,Canada,Console,2.8127490426347856,99,5
P0203,25,63.234995934851135,1,16,97,1,India,Mobile,2.5293998373940454,37,4
P0204,19,43.218645007503795,1,3,77,0,India,Mobile,2.274665526710726,61,1
P0205,25,42.94936778360748,0,16,12,1,Brazil,PC,1.7179747113442991,47,11
P0206,19,53.98817344478073,3,13,55,0,Japan,PC,2.8414828128831964,9,3
P0207,30,43.44920395939107,1,18,51,1,India,Console,1.448306798646369,35,2
P0208,16,49.008010780612665,0,8,39,0,Japan,PC,3.0630006737882916,28,7
P0209,22,81.49582683749773,2,29,33,1,India,Mobile,3.704355765340806,77,5
P0210,14,46.29461448881005,3,29,33,1,UK,Mobile,3.306758177772146,3,1
P0211,20,44.62489771968167,1,20,29,1,USA,PC,2.2312448859840837,43,6
P0212,20,40.286872915472614,5,11,69,0,Japan,PC,2.014343645773631,55,4
P0213,21,61.16287957249905,3,4,70,0,Germany,PC,2.912518074880907,41,9
P0214,26,47.28163740172845,3,10,31,0,USA,Console,1.8185245154510943,99,4
P0215,14,40.25940442517861,4,19,80,1,Brazil,Console,2.875671744655615,12,9
P0216,24,69.81956048409518,1,2,31,0,USA,Mobile,2.9091483535039657,45,5
P0217,23,71.29404506770456,2,20,89,1,India,Console,3.0997410899001983,81,2
P0218,14,40.99364651391942,2,14,46,0,Brazil,Console,2.9281176081371014,32,8
P0219,18,22.001900729590755,2,13,97,0,USA,Console,1.2223278183105974,20,2
P0220,18,65.11270534755383,2,10,77,0,Australia,Console,3.617372519308546,79,7
P0221,27,39.73055261359994,3,19,52,1,Brazil,Mobile,1.4715019486518497,78,9
P0222,20,61.85938398744153,3,7,10,0,Australia,PC,3.0929691993720767,56,3
P0223,19,20.448442734322466,2,3,88,0,Germany,Mobile,1.076233828122235,68,3
P0224,20,63.38896007448964,3,26,74,1,USA,Console,3.169448003724482,69,6
P0225,20,31.83242106078828,1,11,41,0,Japan,PC,1.5916210530394141,66,7
P0226,22,60.96146178599787,3,7,95,0,Japan,PC,2.770975535727176,47,2
P0227,12,50.21409601754651,5,5,77,0,Canada,PC,4.184508001462209,75,9
P0228,14,35.690908709050326,0,14,3,0,India,Mobile,2.5493506220750235,99,5
P0229,14,43.894455306098294,1,29,59,1,Australia,PC,3.135318236149878,32,5
P0230,15,60.294776854350516,2,11,52,0,Brazil,Mobile,4.019651790290035,35,3
P0231,27,51.58841679672852,0,15,34,0,Canada,Mobile,1.9106821035825376,32,6
P0232,22,58.766194707087266,2,15,49,0,Canada,Console,2.6711906685039666,30,6
P0233,15,79.64660876773229,0,26,28,1,UK,Console,5.309773917848819,20,4
P0234,15,26.53637582433423,2,20,83,1,Australia,PC,1.769091721622282,26,6
P0235,15,74.25818862452937,1,19,87,1,Brazil,PC,4.950545908301958,90,8
P0236,14,51.565339062848196,3,19,96,1,Canada,Console,3.683238504489157,71,4
P0237,16,36.51823927515308,2,27,13,1,UK,Mobile,2.2823899546970674,61,6
P0238,20,30.04529561391515,5,3,97,0,Canada,Mobile,1.5022647806957576,95,4
P0239,22,47.163194138344494,3,10,98,0,India,Console,2.1437815517429315,25,9
P0240,11,63.82475167886689,1,12,97,0,Germany,Mobile,5.8022501526242625,65,5
P0241,24,48.08676319433699,1,28,69,1,Australia,Console,2.0036151330973744,11,7
P0242,15,72.66732395371021,3,8,67,0,UK,Console,4.844488263580681,21,2
P0243,18,28.232364649226618,0,3,61,0,Germany,PC,1.5684647027348122,16,4
P0244,22,49.81866578230918,0,11,60,0,Brazil,PC,2.264484808286781,6,4
P0245,19,31.214098333803214,1,8,71,0,India,Console,1.642847280726485,67,7
P0246,20,55.45447823937452,1,12,24,0,UK,PC,2.772723911968726,36,3
P0247,13,63.30331085145951,2,15,63,0,Brazil,Console,4.86948545011227,37,4
P0248,20,43.6885730947842,4,25,86,1,Canada,Mobile,2.18442865473921,95,3
P0249,17,10.936792150592986,2,5,61,0,Japan,Mobile,0.6433407147407638,10,3
P0250,16,52.98422220194742,6,9,23,0,USA,Mobile,3.3115138876217136,0,2
P0251,14,56.55107827600264,1,12,30,0,Brazil,Mobile,4.039362734000188,24,10
P0252,21,56.06442132442547,2,6,60,0,Germany,Console,2.669734348782165,41,3
P0253,24,68.53673287733231,1,27,18,1,India,Mobile,2.8556972032221797,51,2
P0254,13,33.93419480526427,3,25,96,1,India,Mobile,2.610322677328021,23,6
P0255,21,60.20324158175674,3,18,56,1,Brazil,Mobile,2.866821027702702,52,4
P0256,19,67.88761268716962,2,23,53,1,Canada,Mobile,3.573032246693138,55,6
P0257,17,23.321186239902246,4,18,7,1,USA,Console,1.3718344847001323,62,2
P0258,22,54.79477738878466,2,16,97,1,Australia,Mobile,2.490671699490212,80,4
P0259,21,42.43730253488493,3,12,69,0,Germany,PC,2.0208239302326154,7,9
P0260,13,48.77715990347531,2,12,92,0,Brazil,PC,3.7520892233442544,58,10
P0261,16,55.215147253075045,2,25,72,1,Brazil,PC,3.4509467033171903,44,5
P0262,15,42.691571538296714,1,27,79,1,Japan,PC,2.8461047692197807,26,2
P0263,12,39.86437881257582,3,20,52,1,India,PC,3.3220315677146517,51,3
P0264,13,50.512286262320366,3,1,4,0,Germany,PC,3.885560481716951,17,7
P0265,25,33.69131091705796,2,9,34,0,USA,Console,1.3476524366823184,90,6
P0266,15,33.712623066722216,0,29,69,1,India,PC,2.2475082044481476,85,4
P0267,28,60.19059924434755,1,21,33,1,Brazil,Mobile,2.1496642587266983,15,2
P0268,21,32.76808947262016,1,12,69,0,India,PC,1.5603852129819125,65,7
P0269,24,59.994687513638176,5,25,38,1,India,Console,2.4997786464015905,4,6
P0270,18,56.938869392809266,1,8,98,0,UK,PC,3.163270521822737,81,7
P0271,20,24.11289906814105,3,0,26,0,India,Mobile,1.2056449534070526,2,7
P0272,14,39.83653021496517,2,13,1,0,Canada,Mobile,2.845466443926084,90,3
P0273,17,67.91164104571058,3,28,4,1,India,Console,3.9948024144535634,80,3
P0274,15,35.28251703290478,4,15,39,0,Australia,Console,2.352167802193652,79,4
P0275,20,43.033936065359185,3,19,54,1,Canada,Console,2.151696803267959,69,5
P0276,18,56.93091339877844,3,14,90,0,Germany,Console,3.162828522154358,6,2
P0277,17,61.75085763923893,2,0,33,0,India,PC,3.6324033905434665,49,4
P0278,16,46.22691670933256,3,16,33,1,USA,PC,2.889182294333285,13,7
P0279,24,41.03734707962538,2,23,72,1,Canada,Mobile,1.7098894616510574,37,5
P0280,20,71.33554792547761,2,29,20,1,Canada,Console,3.5667773962738805,78,6
P0281,18,76.08349495696368,5,29,16,1,Brazil,Console,4.226860830942426,46,4
P0282,14,64.68287076172693,4,12,21,0,Germany,PC,4.620205054409067,32,9
P0283,29,51.27977213847536,1,29,45,1,India,Console,1.7682680047750123,42,2
P0284,21,37.8760141753861,2,26,90,1,Japan,Mobile,1.8036197226374335,90,6
P0285,16,37.54333390165152,3,14,87,0,USA,Mobile,2.34645836885322,28,4
P0286,15,57.837711578986365,2,15,82,0,Brazil,Console,3.855847438599091,56,3
P0287,22,56.275973313330255,2,15,62,0,Germany,Mobile,2.557998786969557,4,6
P0288,18,71.02397889419645,0,1,31,0,Australia,Mobile,3.945776605233136,92,7
P0289,18,59.75675138804209,3,16,42,1,Canada,PC,3.319819521557894,95,8
P0290,19,27.45379547360273,2,10,12,0,USA,Mobile,1.444936603873828,59,9
P0291,19,65.77921426584378,3,7,65,0,Australia,Console,3.46206390872862,69,5
P0292,23,35.02909059028381,2,19,73,1,India,Console,1.5230039387079917,1,4
P0293,18,44.24043092071473,3,2,3,0,Japan,Mobile,2.457801717817485,69,3
P0294,27,53.75300309377542,2,28,90,1,UK,Console,1.9908519664361266,42,7
P0295,22,79.93501234675946,2,11,9,0,UK,PC,3.63340965212543,3,4
P0296,22,96.64877834008041,2,19,51,1,Germany,Mobile,4.393126288185473,55,8
P0297,15,59.10084588704274,3,15,16,0,Japan,Mobile,3.940056392469516,92,8
P0298,16,47.25205071919418,2,13,88,0,USA,Mobile,2.9532531699496363,58,1
P0299,18,58.01758472720825,1,15,78,0,Brazil,Console,3.2231991515115697,88,5
P0300,14,63.31483138810754,1,26,3,1,USA,Console,4.5224879562933955,8,4
P0301,24,45.189985616642126,3,20,98,1,Japan,Mobile,1.8829160673600887,2,3
P0302,16,76.92817033868484,0,16,97,1,Australia,Console,4.808010646167802,89,2
P0303,23,53.45106138787103,0,29,24,1,Canada,Console,2.323959190777001,47,8
P0304,23,57.46614633637091,3,10,73,0,UK,Mobile,2.498528101581344,42,8
P0305,16,59.98886378081692,2,16,13,1,Germany,Mobile,3.7493039863010575,90,3
P0306,21,56.32379915921683,2,18,2,1,India,Console,2.6820856742484205,99,4
P0307,19,62.58410750704418,0,21,71,1,USA,Mobile,3.2939003951075883,95,12
P0308,15,40.741202201796156,2,0,21,0,UK,Mobile,2.7160801467864104,0,3
P0309,20,41.62547369080954,1,29,19,1,Brazil,Mobile,2.081273684540477,56,3
P0310,28,33.497686505424575,2,26,89,1,Germany,Mobile,1.1963459466223063,52,4
P0311,23,56.59251845930339,3,11,47,0,India,Console,2.460544280839278,15,3
P0312,21,61.68404755268171,1,14,22,0,USA,Mobile,2.937335597746748,50,4
P0313,19,56.866592992278285,5,17,75,1,Brazil,PC,2.992978578540962,74,6
P0314,28,75.11738650021306,1,27,33,1,India,Mobile,2.682763803579038,89,4
P0315,19,49.9160597175643,2,29,32,1,Canada,PC,2.6271610377665424,54,3
P0316,26,60.03112483388769,2,22,64,1,UK,Mobile,2.308889416687988,0,8
P0317,21,33.624486857910284,1,13,85,0,Canada,PC,1.6011660408528707,89,2
P0318,10,44.193504462883986,3,29,39,1,UK,PC,4.419350446288399,27,3
P0319,24,60.43306636348666,1,0,84,0,Brazil,Mobile,2.518044431811944,52,7
P0320,18,62.73653166114716,1,12,72,0,Australia,Mobile,3.485362870063731,57,3
P0321,20,45.59049578503726,1,29,42,1,Canada,Mobile,2.2795247892518633,72,7
P0322,18,48.926011222129,1,14,9,0,UK,PC,2.718111734562722,59,5
P0323,23,27.23189379978786,4,6,25,0,Germany,Console,1.183995382599472,58,2
P0324,16,44.64456198790086,0,14,89,0,Brazil,Console,2.7902851242438036,21,9
P0325,14,63.35574745279679,1,19,97,1,UK,Mobile,4.525410532342628,7,4
P0326,20,58.628075241598495,1,9,2,0,USA,Console,2.931403762079925,48,3
P0327,27,57.50998582071814,1,13,19,0,UK,Console,2.1299994748414126,41,1
P0328,21,50.746605307714404,1,5,20,0,Canada,Mobile,2.4165050146530667,26,2
P0329,14,50.105947379422645,1,13,93,0,Germany,PC,3.578996241387332,38,6
P0330,20,40.09518290789829,0,23,70,1,India,Mobile,2.0047591453949147,82,10
P0331,16,60.482426303038025,3,24,17,1,Australia,Console,3.7801516439398766,24,6
P0332,16,56.314594165840845,0,21,89,1,India,PC,3.519662135365053,37,6
P0333,21,57.38028271989199,3,11,68,0,UK,Console,2.732394415232952,84,2
P0334,24,42.10947735998629,1,10,94,0,India,PC,1.7545615566660955,23,4
P0335,20,17.699856201931333,6,28,84,1,UK,Console,0.8849928100965666,23,5
P0336,19,66.45729067630543,1,29,3,1,Germany,Mobile,3.497752140858181,59,8
P0337,15,42.81743815987394,2,24,87,1,India,Console,2.854495877324929,82,5
P0338,18,37.058363539353195,1,19,51,1,Canada,Console,2.058797974408511,49,3
P0339,22,60.4021836787099,1,21,82,1,Canada,PC,2.7455538035777227,65,1
P0340,23,44.11981040121306,4,23,26,1,USA,Console,1.9182526261396982,13,7
P0341,16,65.89904576069932,1,24,56,1,UK,Mobile,4.118690360043708,52,7
P0342,24,59.25508924365046,2,18,64,1,India,Mobile,2.468962051818769,31,4
P0343,22,60.253539848007165,3,1,8,0,Canada,Mobile,2.7387972658185076,95,4
P0344,13,29.510664331991986,0,21,81,1,Japan,PC,2.270051102460922,91,4
P0345,25,68.179159780796,1,19,95,1,Germany,PC,2.72716639123184,47,9
P0346,22,53.91875796850784,1,0,37,0,Australia,Console,2.4508526349321746,38,1
P0347,17,44.460842911306955,1,7,97,0,Germany,Console,2.615343700665115,39,3
P0348,16,52.15082701013377,3,24,27,1,Japan,Console,3.2594266881333605,41,4
P0349,15,23.3564715065252,1,13,45,0,Japan,PC,1.5570981004350133,76,3
P0350,19,56.12979217221006,2,8,4,0,USA,PC,2.954199588011056,75,3
P0351,25,34.559427377268925,3,1,86,0,Germany,Console,1.382377095090757,7,8
P0352,17,29.709945712346983,1,24,90,1,Germany,PC,1.7476438654321755,78,11
P0353,21,27.164612206731633,2,22,96,1,India,PC,1.293552962225316,25,4
P0354,22,66.69032562484888,3,4,88,0,UK,Mobile,3.031378437493131,11,2
P0355,21,40.561049094608165,1,22,99,1,Brazil,Mobile,1.9314785283146745,42,3
P0356,24,73.00591564874749,2,28,37,1,Australia,Console,3.0419131520311455,50,4
P0357,26,41.96297805421553,3,24,96,1,Germany,Console,1.613960694392905,90,2
P0358,19,24.3896306361058,2,7,71,0,Australia,Mobile,1.283664770321358,81,7
P0359,17,33.25213340077011,0,15,33,0,Australia,PC,1.9560078471041242,99,2
P0360,22,68.53717430010408,3,21,31,1,Australia,Console,3.1153261045501854,62,11
P0361,15,47.66152733094999,2,15,55,0,Germany,Console,3.1774351553966658,48,5
P0362,14,41.77569055264099,2,12,12,0,Brazil,Console,2.9839778966172132,26,5
P0363,17,52.40027338779181,0,19,11,1,Germany,PC,3.082369022811283,8,4
P0364,22,57.52674104251317,1,28,88,1,India,Mobile,2.6148518655687805,38,4
P0365,16,66.76098223853691,0,14,72,0,India,Console,4.172561389908557,64,4
P0366,26,71.7274884483939,1,0,32,0,Brazil,Mobile,2.7587495557074577,70,3
P0367,21,44.60347031316371,1,21,57,1,Canada,Mobile,2.1239747768173194,89,5
P0368,19,30.109284708769426,2,2,38,0,Germany,PC,1.5846991951983909,70,9
P0369,20,43.79802258315086,3,5,60,0,Canada,PC,2.189901129157543,6,5
P0370,15,53.90420759874329,3,21,86,1,Australia,PC,3.593613839916219,71,2
P0371,12,35.54361610684084,2,13,98,0,Germany,PC,2.961968008903403,79,6
P0372,16,35.642736276574354,2,3,19,0,UK,PC,2.227671017285897,66,7
P0373,17,55.15681822324828,4,17,84,1,Germany,PC,3.2445187190146045,9,5
P0374,23,49.270214726443236,1,14,56,0,India,Console,2.142183248975793,70,7
P0375,21,50.4919549311738,3,8,14,0,USA,Mobile,2.4043788062463713,84,7
P0376,23,38.62256997949896,3,17,33,1,Japan,PC,1.679242173021694,52,8
P0377,21,46.54398928691349,4,2,10,0,USA,Console,2.2163804422339757,94,7
P0378,20,36.136502835975435,2,9,80,0,USA,Mobile,1.8068251417987717,86,3
P0379,18,63.3529761668718,4,16,64,1,USA,PC,3.519609787048433,56,4
P0380,13,65.52874002085629,3,6,64,0,Japan,PC,5.040672309296638,90,4
P0381,23,22.30718206642859,2,14,62,0,Canada,Console,0.9698774811490692,85,3
P0382,23,36.05733709711385,3,0,68,0,Japan,Mobile,1.5677103085701674,26,7
P0383,16,27.552061173648813,2,26,91,1,Canada,PC,1.7220038233530508,53,7
P0384,24,40.249640983896526,2,24,92,1,Japan,Mobile,1.677068374329022,3,3
P0385,17,48.748430453144586,4,26,43,1,Japan,Console,2.8675547325379167,87,7
P0386,18,28.25532170452205,4,10,80,0,Germany,PC,1.5697400946956694,22,8
P0387,28,36.1721028031203,1,16,59,1,Canada,Mobile,1.2918608143971537,47,3
P0388,30,34.94063941877752,1,4,52,0,Germany,Console,1.1646879806259174,82,4
P0389,15,53.10900994098416,0,6,97,0,UK,Console,3.540600662732277,41,7
P0390,26,51.04016505554375,3,18,19,1,Germany,PC,1.9630832713670674,2,1
P0391,24,39.1739366999412,1,24,21,1,USA,Mobile,1.63224736249755,90,4
P0392,16,52.65231308209097,6,23,22,1,Brazil,PC,3.2907695676306856,2,2
P0393,29,41.79979873119102,1,28,9,1,Brazil,PC,1.4413723700410697,27,2
P0394,15,45.9251733451092,1,14,9,0,India,Mobile,3.06167822300728,62,5
P0395,27,75.10178135447805,3,2,73,0,India,Mobile,2.7815474575732613,80,6
P0396,23,70.10691577685522,3,14,27,0,Australia,Mobile,3.0481267729067487,30,5
P0397,29,30.506281446086035,0,4,17,0,Germany,Console,1.051940739520208,9,4
P0398,17,62.44598626818762,2,22,44,1,Japan,Console,3.6732933098933893,48,5
P0399,16,62.170948317373885,1,11,45,0,Japan,Mobile,3.885684269835868,85,7
P0400,12,32.776050668710724,3,29,8,1,Brazil,Console,2.7313375557258937,93,4
P0401,18,62.28166465632291,1,19,80,1,USA,PC,3.4600924809068285,20,2
P0402,11,73.06897877618829,3,4,18,0,Canada,Mobile,6.642634434198936,99,9
P0403,20,33.16182790633379,5,2,33,0,USA,PC,1.6580913953166896,52,4
P0404,17,36.237457684786044,0,8,1,0,Australia,Mobile,2.1316151579285907,86,3
P0405,26,65.26492200265254,1,25,76,1,USA,PC,2.5101893077943283,75,4
P0406,16,54.07242966238472,2,8,6,0,Germany,Mobile,3.379526853899045,88,4
P0407,26,58.27214412859285,1,6,41,0,Germany,PC,2.2412363126381867,53,6
P0408,26,55.10883824600745,5,25,55,1,UK,Mobile,2.1195707017695176,56,4
P0409,24,55.86043881392216,1,1,5,0,Australia,Mobile,2.3275182839134234,19,6
P0410,20,30.102918075333754,3,22,59,1,USA,Console,1.5051459037666877,48,9
P0411,24,65.70976559932173,2,22,80,1,Japan,PC,2.7379068999717386,6,3
P0412,19,67.54384988641661,2,26,18,1,Japan,Console,3.5549394677061374,28,3
P0413,16,46.559138838979585,0,20,49,1,Australia,PC,2.909946177436224,47,8
P0414,18,49.34784575279206,2,15,82,0,USA,Console,2.7415469862662256,92,6
P0415,17,27.03338746166417,2,8,65,0,Germany,Mobile,1.5901992624508334,12,1
P0416,9,57.71382134026752,4,12,83,0,Germany,Console,6.41264681558528,2,7
P0417,18,58.58086162571216,0,27,54,1,UK,Console,3.2544923125395644,1,5
P0418,24,49.067134745010335,3,26,61,1,UK,Mobile,2.044463947708764,15,7
P0419,19,66.86530039805754,3,18,8,1,India,Console,3.519226336739871,93,5
P0420,29,44.98884153530089,3,19,3,1,Australia,Mobile,1.5513393632862376,5,2
P0421,21,58.469088888404,2,16,25,1,Brazil,PC,2.7842423280192383,44,6
P0422,29,34.705034919618264,0,5,69,0,USA,Console,1.1967253420558022,70,7
P0423,21,49.64671773688643,2,3,55,0,Australia,Mobile,2.364129416042211,4,5
P0424,16,47.384686131457464,2,0,40,0,Japan,Mobile,2.9615428832160915,55,6
P0425,16,53.37961883061412,1,17,83,1,USA,Console,3.3362261769133825,70,5
P0426,24,44.45709606749962,0,18,82,1,UK,PC,1.8523790028124842,97,6
P0427,19,48.027911064924986,0,8,50,0,UK,Console,2.5277847928907886,31,3
P0428,23,62.3907075716226,1,12,95,0,India,Mobile,2.7126394596357652,48,4
P0429,25,43.44853644142674,0,7,33,0,Brazil,PC,1.7379414576570695,12,5
P0430,16,25.90134348891981,2,22,18,1,India,Console,1.6188339680574881,29,8
P0431,21,76.24375856308131,1,12,57,0,Japan,Mobile,3.630655169670539,24,10
P0432,13,70.72181118035729,3,14,16,0,Brazil,Console,5.440139321565946,84,5
P0433,17,30.616059573415722,1,10,80,0,Canada,PC,1.80094468078916,59,3
P0434,22,60.34561707867792,1,11,38,0,USA,PC,2.74298259448536,58,7
P0435,13,42.455378441729856,6,13,41,0,India,PC,3.2657983416715273,84,2
P0436,18,53.952308229965894,3,3,7,0,UK,PC,2.9973504572203273,27,6
P0437,23,54.4133619352024,1,0,78,0,India,PC,2.3657983450088,57,6
P0438,12,46.48388299525517,1,23,53,1,Canada,Console,3.873656916271264,19,6
P0439,22,38.24351501620406,4,3,63,0,India,PC,1.738341591645639,33,5
P0440,25,39.64188421525611,3,18,89,1,USA,PC,1.5856753686102445,4,0
P0441,20,36.257121267781365,0,8,32,0,Canada,Mobile,1.8128560633890682,81,6
P0442,25,37.522666876543326,0,9,38,0,Australia,PC,1.500906675061733,59,4
P0443,22,48.99232564925967,3,3,22,0,Australia,Mobile,2.2269238931481667,42,6
P0444,17,39.26360016333872,3,19,16,1,Australia,Mobile,2.309623539019925,56,3
P0445,24,60.2307809856893,4,29,52,1,UK,Mobile,2.5096158744037207,56,6
P0446,23,72.30869233003891,2,8,29,0,UK,Console,3.143856188262561,74,3
P0447,22,41.29920137944936,1,12,16,0,Australia,Console,1.8772364263386072,53,5
P0448,15,53.591067508030655,4,11,76,0,Australia,Mobile,3.57273783386871,80,2
P0449,26,57.49527665454401,2,10,17,0,Australia,Console,2.2113567944055386,44,4
P0450,25,57.080034063789114,1,11,64,0,Germany,PC,2.2832013625515644,85,7
P0451,18,51.139329018741314,2,29,91,1,Australia,Console,2.8410738343745177,36,6
P0452,15,61.140236275395836,2,17,89,1,Canada,PC,4.076015751693055,83,7
P0453,25,57.23373429020986,2,29,13,1,Germany,PC,2.2893493716083944,47,6
P0454,22,31.43506366509053,1,11,72,0,Germany,Console,1.4288665302313879,53,2
P0455,22,63.0373409658391,0,15,56,0,USA,Console,2.8653336802654135,47,0
P0456,24,63.30936255900113,3,4,5,0,India,Mobile,2.637890106625047,5,4
P0457,24,38.550708437321276,4,19,12,1,UK,Console,1.6062795182217198,33,5
P0458,32,50.56906753171403,6,24,41,1,UK,Console,1.5802833603660635,62,2
P0459,23,60.24993489216604,4,11,3,0,India,Console,2.6195623866159146,77,3
P0460,17,46.86029270630958,2,20,99,1,UK,PC,2.7564878062535048,47,6
P0461,18,66.09467071649019,1,24,33,1,India,PC,3.6719261509161214,22,9
P0462,23,85.45808741929042,4,10,86,0,Canada,PC,3.7155690182300183,83,6
P0463,24,38.210209510475266,2,8,50,0,USA,Mobile,1.5920920629364694,12,4
P0464,20,29.284330952693377,3,29,56,1,Australia,Mobile,1.464216547634669,46,2
P0465,22,54.55727893407314,2,17,9,1,USA,Mobile,2.479876315185143,43,6
P0466,19,60.823437576892154,3,29,82,1,Japan,PC,3.2012335566785346,31,7
P0467,15,46.53700439232846,0,24,50,1,USA,Console,3.1024669594885643,25,2
P0468,23,71.79890994981551,2,2,29,0,India,Mobile,3.1216917369485,52,6
P0469,12,29.920913004151267,2,19,39,1,Japan,Mobile,2.4934094170126055,13,8
P0470,22,60.393779345474165,2,16,91,1,India,PC,2.745171788430644,51,4
P0471,30,40.9120876886166,3,13,45,0,Australia,Mobile,1.36373625628722,35,6
P0472,19,75.79066859310944,2,0,17,0,Brazil,Console,3.988982557532076,7,6
P0473,19,79.88773029752177,2,16,56,1,Japan,PC,4.204617384080093,39,1
P0474,19,38.500151183249784,3,24,98,1,Australia,PC,2.0263237464868307,85,7
P0475,27,41.7566429613713,5,26,46,1,Australia,Console,1.5465423319026408,21,6
P0476,16,62.89381830469703,3,7,67,0,UK,Console,3.9308636440435643,15,5
P0477,22,44.19304025315728,0,4,69,0,UK,Console,2.0087745569616944,90,3
P0478,26,49.318831731016424,2,4,14,0,Brazil,Mobile,1.8968781435006317,59,7
P0479,33,50.38082630813615,3,8,67,0,Brazil,Console,1.5266917063071561,59,4
P0480,24,21.204902657035156,2,2,23,0,USA,PC,0.8835376107097982,9,2
P0481,14,49.79243380858644,3,18,94,1,Australia,Console,3.5566024148990314,24,7
P0482,28,39.654083389037396,2,22,61,1,Brazil,PC,1.4162172638941928,30,5
P0483,24,42.60315766400342,0,8,23,0,India,PC,1.7751315693334757,20,8
P0484,14,71.65448005203221,2,21,27,1,Australia,Mobile,5.118177146573729,90,7
P0485,22,31.152396585811154,1,29,54,1,Germany,Console,1.4160180266277798,80,5
P0486,16,62.19807780121966,2,17,10,1,India,Mobile,3.887379862576229,32,4
P0487,11,45.81555604502287,2,15,89,0,Japan,Console,4.165050549547534,30,3
P0488,17,45.80359747256249,4,0,77,0,Brazil,Console,2.694329263091911,89,9
P0489,17,61.85557844077567,0,1,16,0,UK,Console,3.6385634376926865,20,4
P0490,18,55.10076941853336,2,13,41,0,India,Console,3.061153856585187,35,8
P0491,21,58.55919495829296,0,13,98,0,UK,Console,2.788533093252046,64,4
P0492,24,64.52276990799291,0,0,55,0,India,PC,2.688448746166371,3,2
P0493,20,45.030374252250155,1,25,61,1,UK,PC,2.2515187126125076,67,2
P0494,14,40.81644898238375,2,25,86,1,Canada,Console,2.915460641598839,89,5
P0495,22,33.72274210163303,0,24,81,1,India,PC,1.5328519137105923,3,8
P0496,21,37.61884205031567,1,15,87,0,Japan,Mobile,1.791373430967413,8,5
P0497,18,94.23641637963088,4,14,49,0,UK,Mobile,5.235356465535049,29,6
P0498,13,68.67019371105181,3,25,73,1,Germany,Mobile,5.282322593157831,44,3
P0499,7,29.73388450687968,4,14,52,1,Japan,Console,4.247697786697097,3,5
P0500,19,30.163130648846447,2,11,2,0,USA,Console,1.58753319204455,68,8
P0501,21,57.22799092577737,2,15,96,0,India,PC,2.7251424250370175,22,4
P0502,24,58.2089719606695,2,13,50,0,Germany,PC,2.4253738316945626,15,5
P0503,15,58.233257529760465,1,28,86,1,USA,PC,3.8822171686506977,21,1
P0504,22,46.175663096694535,1,23,43,1,India,Mobile,2.0988937771224787,71,5
P0505,23,48.118186099956496,1,14,77,0,Germany,Mobile,2.0920950478241953,47,6
P0506,18,54.91819286239036,1,22,8,1,Germany,Mobile,3.0510107145772425,61,3
P0507,21,51.28839509439996,3,14,59,0,Japan,Mobile,2.44230452830476,96,6
P0508,19,16.71049440878697,2,18,65,1,Canada,PC,0.8794997057256301,59,5
P0509,20,46.553005541372094,2,7,81,0,Germany,Console,2.3276502770686047,79,5
P0510,12,37.2289034860953,2,1,12,0,Canada,Console,3.1024086238412747,4,6
P0511,16,52.62817128362768,0,1,4,0,Brazil,Mobile,3.28926070522673,79,6
P0512,26,94.77888503905115,1,26,77,1,Japan,Console,3.645341732271198,6,7
P0513,15,55.51222498211457,4,9,95,0,Australia,Console,3.7008149988076378,50,6
P0514,22,45.297054707414034,2,2,41,0,UK,Console,2.0589570321551833,64,5
P0515,21,63.827022529658784,4,22,7,1,Japan,Mobile,3.0393820252218466,8,6
P0516,16,57.24031830813819,4,16,87,1,USA,PC,3.577519894258637,81,6
P0517,12,56.30141735677762,2,7,88,0,UK,PC,4.691784779731468,44,5
P0518,17,59.10275889823507,1,27,69,1,UK,Console,3.4766328763667684,46,10
P0519,23,80.84815347244312,3,22,69,1,Australia,PC,3.5151371074975266,66,4
P0520,18,33.03667347011127,3,3,81,0,Canada,PC,1.835370748339515,23,8
P0521,26,57.104481152171815,1,13,30,0,Australia,Mobile,2.1963261981604543,91,6
P0522,19,36.10428305027692,1,20,73,1,Australia,Mobile,1.9002254236987852,9,4
P0523,20,58.33268969513372,4,9,6,0,UK,Console,2.916634484756686,72,5
P0524,27,36.21970232770858,1,28,89,1,Germany,Console,1.3414704565817994,76,4
P0525,17,43.73949779592373,4,0,19,0,Canada,Console,2.572911635054337,47,6
P0526,27,45.57365128643141,0,3,80,0,UK,Mobile,1.6879130106085707,34,2
P0527,22,64.63725079017064,3,0,85,0,Canada,PC,2.9380568540986656,53,2
P0528,23,63.77681665913621,3,16,66,1,Brazil,Mobile,2.772905072136357,86,9
P0529,15,31.314239353304234,3,25,10,1,Canada,Mobile,2.087615956886949,80,1
P0530,34,50.824011664997734,2,16,16,1,India,PC,1.4948238724999334,70,3
P0531,25,39.35630217876241,1,6,37,0,Germany,PC,1.5742520871504966,15,4
P0532,19,31.122426339869982,0,22,79,1,USA,Console,1.6380224389405253,52,3
P0533,18,46.74474424363444,2,19,77,1,India,PC,2.596930235757469,39,2
P0534,15,45.3727581731627,2,14,77,0,India,PC,3.0248505448775136,99,6
P0535,33,86.40074729518284,2,12,32,0,Australia,PC,2.618204463490389,19,2
P0536,22,56.49439738041044,3,27,47,1,Australia,PC,2.56792715365502,87,7
P0537,24,29.33573748868644,3,1,72,0,India,Console,1.222322395361935,68,10
P0538,33,41.52838993743587,1,27,43,1,UK,Console,1.2584360587101777,44,1
P0539,16,65.32074943144097,2,18,82,1,Canada,PC,4.082546839465061,5,2
P0540,15,81.32664159304888,1,23,36,1,Canada,PC,5.421776106203258,91,4
P0541,18,26.210250316430624,2,12,26,0,Japan,Console,1.456125017579479,68,4
P0542,19,21.801134222914325,0,23,10,1,UK,Console,1.1474281169954907,48,8
P0543,22,78.06447763057673,1,10,31,0,Germany,PC,3.548385346844397,38,6
P0544,15,55.84421266056356,1,26,97,1,UK,Mobile,3.722947510704237,1,2
P0545,22,36.9756090218545,2,21,29,1,UK,Console,1.6807095009933866,38,6
P0546,21,58.01943629183653,1,14,5,0,UK,Console,2.762830299611263,20,8
P0547,16,10.463783914746834,1,9,77,0,Germany,Console,0.6539864946716771,39,8
P0548,17,50.050632598957414,2,8,1,0,Japan,PC,2.9441548587622006,81,2
P0549,20,54.91731759264628,4,26,87,1,Germany,PC,2.745865879632314,53,5
P0550,9,63.86405209306744,0,27,3,1,Brazil,Console,7.096005788118605,11,4
P0551,19,34.791560715611936,1,8,67,0,Japan,PC,1.8311347745058915,80,3
P0552,17,51.28530742105038,4,19,71,1,Brazil,PC,3.016782789473552,36,8
P0553,9,36.11863060910619,2,27,35,1,Brazil,Console,4.013181178789576,37,3
P0554,19,53.830756335114756,1,0,15,0,Brazil,PC,2.833197701848145,14,7
P0555,20,36.56980516455464,1,16,67,1,Canada,Mobile,1.8284902582277318,6,2
P0556,14,43.87848741259669,3,11,93,0,India,PC,3.134177672328335,77,1
P0557,17,35.062769078146566,1,9,30,0,India,PC,2.0625158281262688,49,5
P0558,16,59.76704362735485,3,4,82,0,Brazil,Console,3.7354402267096782,64,4
P0559,33,62.87676674984998,3,29,75,1,Brazil,Console,1.905356568177272,66,4
P0560,22,46.480691450638794,2,28,43,1,USA,Mobile,2.1127587023017633,43,4
P0561,26,50.573569924400424,2,17,60,1,Australia,PC,1.9451373047846316,30,3
P0562,29,28.271128780496838,4,14,40,0,India,Mobile,0.9748665096723047,42,0
P0563,20,45.50485027989819,1,5,65,0,Australia,Mobile,2.2752425139949097,76,2
P0564,26,49.24693074437383,1,6,29,0,Australia,Console,1.8941127209374549,47,3
P0565,23,89.31189636544963,2,16,74,1,USA,PC,3.8831259289325923,81,4
P0566,16,33.320494613387545,1,5,92,0,Australia,Console,2.0825309133367216,80,2
P0567,18,71.96265858128656,3,7,95,0,Japan,Mobile,3.9979254767381422,80,6
P0568,13,64.95288160198712,3,11,19,0,USA,Mobile,4.996375507845163,60,5
P0569,21,54.20954606735204,4,20,3,1,Australia,Console,2.5814069555881924,74,1
P0570,26,76.379307262927,1,13,36,0,Australia,Console,2.9376656639587306,83,8
P0571,18,55.581582089102945,1,11,43,0,UK,Console,3.0878656716168305,9,6
P0572,24,55.83738793501893,1,22,15,1,Australia,Console,2.326557830625789,28,1
P0573,24,49.20319020473682,1,9,97,0,Canada,Console,2.0501329251973677,47,9
P0574,25,68.35353323627942,2,21,41,1,Japan,Mobile,2.7341413294511767,97,3
P0575,21,66.44703850716326,0,19,90,1,Germany,Console,3.164144690817298,80,9
P0576,18,40.614840687556814,1,14,80,0,India,PC,2.2563800381976007,61,4
P0577,19,30.211292081018488,2,6,36,0,Brazil,Mobile,1.5900680042641309,12,3
P0578,18,46.955290439065145,4,25,97,1,Australia,Mobile,2.60862724661473,43,7
P0579,16,37.99942153403531,0,8,84,0,Japan,PC,2.3749638458772067,46,5
P0580,16,49.04713138076967,0,9,77,0,Brazil,PC,3.0654457112981044,63,6
P0581,21,68.56157202026209,1,9,33,0,Germany,Mobile,3.2648367628696233,90,3
P0582,22,43.14047517369815,1,15,5,0,Japan,Console,1.9609306897135523,52,7
P0583,18,49.35764928032638,4,28,78,1,India,Mobile,2.7420916266847986,89,5
P0584,20,50.87034102212593,2,6,91,0,Japan,Mobile,2.5435170511062966,91,8
P0585,18,62.72646323307927,2,27,87,1,Brazil,PC,3.4848035129488486,76,7
P0586,21,16.29665999023092,2,29,14,1,Brazil,Mobile,0.7760314281062344,75,3
P0587,21,40.89949557852055,5,4,68,0,UK,Console,1.9475950275485976,43,5
P0588,31,53.16925538419209,3,22,83,1,Australia,PC,1.7151372704578094,27,9
P0589,15,68.00118434640292,4,2,47,0,USA,Mobile,4.533412289760195,1,5
P0590,18,42.621463287406925,3,17,54,1,Japan,Mobile,2.367859071522607,56,6
P0591,20,21.85170940937189,0,10,4,0,Brazil,Console,1.0925854704685944,56,4
P0592,17,59.295671689492046,3,14,94,0,Canada,Mobile,3.487980687617179,33,6
P0593,24,40.46956416761556,2,20,83,1,India,Mobile,1.6862318403173149,86,6
P0594,17,32.155000113644576,3,19,95,1,Canada,Mobile,1.8914705949202693,57,5
P0595,23,40.63481915430164,3,4,95,0,Germany,Mobile,1.7667312675783322,51,6
P0596,19,47.232119635162256,1,23,9,1,Japan,Console,2.4859010334295926,28,4
P0597,15,40.92883003192681,1,11,53,0,UK,Mobile,2.7285886687951204,34,4
P0598,15,16.916509143513963,4,3,77,0,India,Mobile,1.127767276234264,74,7
P0599,23,63.45599295330698,0,14,78,0,UK,Mobile,2.7589562153611733,47,7
P0600,21,69.12312561918083,2,8,60,0,USA,PC,3.291577410437182,32,5
P0601,32,59.772829870092586,3,6,46,0,Brazil,Console,1.8679009334403933,74,3
P0602,24,32.93471494362775,1,9,54,0,Australia,PC,1.3722797893178231,72,3
P0603,30,46.97762699078723,0,28,74,1,India,PC,1.5659208996929077,77,3
P0604,16,49.90218027155813,3,27,95,1,Germany,Console,3.118886266972383,8,2
P0605,21,58.98191584342865,2,22,37,1,Australia,PC,2.808662659210888,47,6
P0606,18,60.02510733077121,1,12,23,0,Japan,PC,3.334728185042845,66,3
P0607,24,38.987393018322564,2,28,27,1,USA,PC,1.6244747090967735,92,3
P0608,25,51.22993334620341,1,7,70,0,USA,Console,2.049197333848136,82,11
P0609,22,56.85920606922862,0,11,90,0,UK,Mobile,2.584509366783119,35,4
P0610,22,71.83733483220149,2,21,66,1,USA,Console,3.265333401463704,95,10
P0611,21,60.56759809737085,0,23,61,1,India,Console,2.88417133797004,70,8
P0612,16,61.835850310632786,3,18,77,1,UK,Console,3.864740644414549,91,3
P0613,21,51.257399418940416,2,25,51,1,Australia,PC,2.4408285437590673,43,7
P0614,16,71.15688717805256,4,25,50,1,USA,Mobile,4.447305448628285,81,5
P0615,21,56.14644193939246,1,29,19,1,Japan,Console,2.673640092352022,59,3
P0616,23,37.08368134739644,0,0,1,0,Australia,Console,1.6123339716259324,62,5
P0617,19,71.05054955187786,0,15,40,0,Germany,Mobile,3.739502607993572,4,6
P0618,14,60.46854908808541,4,21,32,1,Japan,Mobile,4.319182077720386,86,5
P0619,23,43.354339683072766,0,16,22,1,Canada,Mobile,1.884971290568381,85,5
P0620,17,42.80760548901135,5,24,93,1,India,PC,2.5180944405300796,89,2
P0621,15,54.448633177111425,0,29,66,1,Germany,Mobile,3.629908878474095,75,6
P0622,16,56.94777192901377,3,17,40,1,Germany,PC,3.5592357455633605,39,5
P0623,12,52.9593839844681,2,10,38,0,UK,Console,4.413281998705675,18,4
P0624,12,54.66963010164327,1,17,48,1,Brazil,PC,4.555802508470273,46,7
P0625,16,75.49936061864571,1,6,55,0,UK,Mobile,4.718710038665357,64,5
P0626,26,66.07314728352328,1,17,75,1,India,PC,2.541274895520126,66,6
P0627,20,52.85953386897536,2,25,81,1,India,Mobile,2.642976693448768,90,6
P0628,18,64.11965871151224,3,7,55,0,UK,PC,3.56220326175068,17,6
P0629,21,34.512141447086904,2,5,51,0,Brazil,Console,1.6434353070041383,49,3
P0630,19,55.968905749202136,3,29,60,1,Japan,PC,2.9457318815369544,29,5
P0631,15,77.13959524599665,3,6,8,0,UK,Console,5.142639683066443,65,4
P0632,16,46.729311569114394,1,22,86,1,India,Mobile,2.9205819730696496,4,8
P0633,13,37.28549107071373,2,21,68,1,Brazil,Console,2.86811469774721,92,3
P0634,24,40.21866667110409,2,9,75,0,India,Mobile,1.6757777779626704,96,2
P0635,22,33.655504439864174,2,10,72,0,Brazil,Mobile,1.5297956563574624,41,1
P0636,28,38.22857137808445,4,24,9,1,Brazil,Console,1.3653061206458734,83,7
P0637,19,44.442378521149564,1,12,90,0,Australia,Console,2.339072553744714,93,3
P0638,20,28.916494712320368,0,8,2,0,UK,PC,1.4458247356160183,4,2
P0639,20,50.234275009244044,1,6,80,0,UK,PC,2.511713750462202,49,4
P0640,13,63.53415760679971,2,8,95,0,UK,Console,4.887242892830747,84,6
P0641,14,36.38365729779619,0,12,70,0,Brazil,Console,2.5988326641282993,57,2
P0642,24,72.78925885462652,1,25,85,1,Brazil,Console,3.0328857856094387,78,7
P0643,17,57.66188132791392,0,2,90,0,India,Console,3.3918753722302304,83,4
P0644,13,65.45870878436085,2,2,59,0,Germany,Mobile,5.035285291104681,7,10
P0645,21,40.132481692217944,2,0,19,0,UK,Console,1.911070556772283,30,8
P0646,19,62.81787840599924,3,20,28,1,Australia,Console,3.3062041266315387,11,6
P0647,21,33.6209914940703,0,19,72,1,Canada,Console,1.6009995949557287,20,7
P0648,28,63.35371251254763,5,1,14,0,India,Console,2.262632589733844,93,3
P0649,14,52.577590096902966,5,24,24,1,India,Mobile,3.7555421497787833,61,4
P0650,18,58.29876829977175,1,2,44,0,USA,PC,3.2388204610984306,90,8
P0651,24,32.36608091562722,4,14,56,0,UK,PC,1.3485867048178009,89,5
P0652,12,36.57395236585093,2,23,90,1,Japan,PC,3.047829363820911,32,4
P0653,15,58.958423273800776,3,5,95,0,India,PC,3.9305615515867185,25,4
P0654,22,35.77477993663699,2,29,51,1,USA,PC,1.6261263607562269,89,5
P0655,28,56.94809438148685,3,12,32,0,Canada,Mobile,2.0338605136245302,99,5
P0656,21,29.492932903096314,2,20,50,1,Australia,PC,1.4044253763379198,39,4
P0657,15,62.72261319000002,2,0,41,0,Canada,Mobile,4.1815075460000015,64,3
P0658,19,31.512150278472365,2,19,66,1,Japan,Mobile,1.6585342251827562,58,6
P0659,18,58.28449906519285,2,18,25,1,UK,PC,3.238027725844047,14,8
P0660,32,59.38446400469002,0,0,61,0,Brazil,PC,1.855764500146563,0,5
P0661,17,39.54842272355638,4,27,66,1,USA,PC,2.326377807268022,10,5
P0662,19,58.7303985062709,4,20,42,1,Brazil,Console,3.0910736055932055,54,3
P0663,22,53.90663395000334,1,21,65,1,Canada,Mobile,2.45030154318197,1,5
P0664,22,41.91737215710893,3,1,36,0,Canada,PC,1.9053350980504058,64,5
P0665,15,34.871679738856876,0,14,76,0,Germany,Console,2.324778649257125,94,10
P0666,24,20.560614624911313,2,13,9,0,Germany,Mobile,0.8566922760379714,43,4
P0667,11,55.244750709495406,0,18,36,1,Australia,Console,5.022250064499582,15,4
P0668,14,26.52795842956917,3,10,92,0,Japan,Console,1.894854173540655,21,9
P0669,17,51.430162991619625,2,29,38,1,Germany,PC,3.0253037053893896,17,5
P0670,23,46.048276758766264,1,14,33,0,Germany,Mobile,2.002098989511577,46,4
P0671,25,60.18714163157293,0,5,42,0,Japan,Console,2.407485665262917,80,2
P0672,17,45.469317507652036,0,19,61,1,India,Mobile,2.6746657357442376,29,4
P0673,20,45.05828320479363,4,8,46,0,Germany,PC,2.2529141602396816,9,4
P0674,19,60.97806056432444,2,4,86,0,India,Mobile,3.2093716086486546,98,5
P0675,18,55.02587043626176,2,19,89,1,India,Console,3.0569928020145425,57,2
P0676,24,54.74233935774167,3,1,61,0,UK,Console,2.2809308065725697,61,8
P0677,19,57.03901384712789,5,5,18,0,India,Mobile,3.002053360375152,84,3
P0678,24,26.966418151893414,3,25,70,1,India,Console,1.1236007563288923,79,5
P0679,20,61.35183019980473,0,17,82,1,Germany,Console,3.0675915099902364,5,4
P0680,31,59.187031910204034,0,27,80,1,India,Console,1.9092590938775496,66,5
P0681,13,34.74975307135254,2,28,15,1,Brazil,PC,2.6730579285655804,40,7
P0682,19,46.33879289488698,2,22,48,1,Japan,PC,2.438883836572999,42,6
P0683,13,49.41039068558553,2,18,72,1,Germany,Console,3.8007992835065796,84,7
P0684,15,47.98254823397401,3,8,13,0,Japan,Mobile,3.1988365489316006,76,3
P0685,23,55.00789949852802,0,26,43,1,USA,PC,2.391647804283827,17,8
P0686,18,71.47050172746775,0,20,60,1,Germany,Mobile,3.9705834293037636,57,3
P0687,19,66.22650091509243,3,23,57,1,India,Console,3.485605311320654,59,6
P0688,24,30.316712098528907,2,26,71,1,Brazil,Console,1.2631963374387045,87,6
P0689,23,59.33104985459073,3,5,17,0,Japan,Mobile,2.5796108632430754,26,6
P0690,19,69.93399979303115,1,13,50,0,Germany,PC,3.6807368312121658,67,3
P0691,22,55.80212781033804,3,27,32,1,Brazil,Mobile,2.5364603550153655,21,1
P0692,11,66.3647063777895,3,25,22,1,Japan,Mobile,6.033155125253591,23,6
P0693,15,80.18405668551148,1,23,55,1,USA,Console,5.345603779034098,39,5
P0694,20,65.35564319160471,3,28,57,1,Canada,PC,3.2677821595802357,73,2
P0695,9,53.739628934625934,4,12,13,0,Australia,Mobile,5.9710698816251035,65,4
P0696,23,65.6763271112713,2,10,47,0,Australia,PC,2.8554924830987525,39,10
P0697,12,52.173317496453365,1,11,87,0,USA,Console,4.347776458037781,5,3
P0698,18,50.35854564927433,4,18,62,1,Canada,PC,2.7976969805152407,17,11
P0699,18,44.72878646429401,1,18,54,1,UK,Console,2.484932581349667,80,2
P0700,22,73.45120038248163,1,20,29,1,Canada,PC,3.338690926476438,86,3
P0701,15,37.72357001086998,3,26,22,1,UK,Mobile,2.514904667391332,29,3
P0702,22,72.98551587017174,1,25,65,1,Germany,Console,3.31752344864417,20,2
P0703,17,57.49796185610557,4,18,29,1,UK,Mobile,3.382233050359151,61,3
P0704,17,29.01040737797088,3,23,48,1,Australia,Console,1.7064945516453458,9,6
P0705,22,55.51473939487133,0,25,5,1,Australia,PC,2.523397245221424,12,6
P0706,16,18.49960238522564,2,12,35,0,Brazil,PC,1.1562251490766025,75,7
P0707,21,59.382620252465536,3,27,74,1,UK,Console,2.827743821545978,8,3
P0708,22,63.278472244834866,2,13,83,0,Brazil,Console,2.8762941929470394,67,5
P0709,24,41.1146606652192,1,23,71,1,Australia,Console,1.7131108610508,38,2
P0710,21,51.85321543933374,4,17,46,1,Japan,PC,2.4692007352063685,23,5
P0711,25,79.31236150625429,1,11,35,0,Japan,Console,3.1724944602501717,33,4
P0712,14,42.41379943607095,1,3,45,0,Canada,Console,3.0295571025764967,60,1
P0713,28,34.11638619415099,0,9,13,0,Canada,Mobile,1.2184423640768212,40,3
P0714,18,72.22495103693899,3,28,10,1,Canada,Console,4.012497279829944,4,3
P0715,19,79.43880785796192,0,16,66,1,UK,Mobile,4.180989887261154,78,8
P0716,29,50.05543507771771,2,3,70,0,Canada,Mobile,1.7260494854385418,49,10
P0717,14,65.17194553112535,1,11,72,0,UK,Mobile,4.655138966508953,3,4
P0718,26,70.12213873296321,1,12,25,0,UK,PC,2.6970053358832002,50,5
P0719,17,38.86273651192424,2,28,44,1,India,Mobile,2.2860433242308376,51,6
P0720,28,42.72041246948198,4,26,60,1,India,Console,1.5257290167672135,38,3
P0721,24,68.46311769732102,4,28,47,1,UK,PC,2.8526299040550427,7,11
P0722,25,75.27521418062764,3,3,40,0,Japan,PC,3.011008567225106,44,5
P0723,24,58.44321290261532,4,9,7,0,Brazil,PC,2.435133870942305,87,5
P0724,15,36.802784697469185,1,24,46,1,Australia,PC,2.453518979831279,27,3
P0725,9,79.80591667549162,2,2,23,0,Australia,PC,8.867324075054624,26,7
P0726,14,42.03543653282053,1,14,83,0,Germany,PC,3.0025311809157524,64,2
P0727,25,44.97293328242822,1,1,46,0,USA,PC,1.798917331297129,33,5
P0728,20,55.135067517344325,4,24,86,1,India,Mobile,2.7567533758672162,80,4
P0729,23,73.31240631072161,2,24,13,1,UK,Console,3.1874959265531135,61,6
P0730,21,62.80963964828335,0,16,21,1,USA,Console,2.990935221346826,61,4
P0731,17,56.222982505428654,3,5,1,0,India,Mobile,3.307234265025215,37,5
P0732,22,56.94932795177159,1,25,19,1,Germany,Mobile,2.588605815989618,25,3
P0733,15,50.65272002965199,2,7,60,0,Australia,PC,3.376848001976799,23,5
P0734,13,58.37209271777759,2,2,33,0,Brazil,PC,4.490160978290584,38,6
P0735,24,12.056598834585458,0,26,4,1,UK,Mobile,0.502358284774394,20,3
P0736,21,45.55088811395302,2,24,3,1,Germany,PC,2.169089910188239,93,7
P0737,21,53.61982902375171,5,17,91,1,Australia,Console,2.5533251916072244,46,4
P0738,18,32.73478874570739,2,21,52,1,Japan,Console,1.8185993747615217,47,2
P0739,21,55.7948497671734,3,0,99,0,India,PC,2.656897607960638,12,12
P0740,24,46.932931685208175,0,28,28,1,UK,PC,1.9555388202170072,2,4
P0741,23,76.33213547473235,2,15,70,0,USA,PC,3.3187884989014065,31,2
P0742,31,73.59529587822284,1,6,70,0,Japan,Console,2.3740418025233176,34,7
P0743,18,43.012916463227555,3,2,55,0,Australia,PC,2.3896064701793085,18,1
P0744,17,47.73743432649957,2,22,57,1,Japan,Mobile,2.808084372147033,13,0
P0745,19,48.89078651587411,1,3,87,0,Canada,PC,2.5731992903091636,47,3
P0746,26,43.22510785760566,2,8,97,0,Brazil,Mobile,1.6625041483694483,85,10
P0747,18,52.9253747604219,1,4,16,0,Australia,PC,2.940298597801217,80,2
P0748,23,38.625768966686145,2,18,24,1,Japan,PC,1.6793812594211368,67,9
P0749,22,33.04076997593711,5,14,69,0,India,Console,1.501853180724414,44,3
P0750,24,59.34066835850403,3,7,41,0,Brazil,Mobile,2.4725278482710014,18,6
P0751,21,59.442943763327165,4,5,77,0,UK,Mobile,2.8306163696822457,63,5
P0752,22,37.93526360510012,2,17,47,1,Canada,Mobile,1.7243301638681872,65,3
P0753,21,63.430331461438996,2,18,76,1,Australia,Console,3.020491974354238,78,8
P0754,21,40.52633406252003,0,23,69,1,Germany,Mobile,1.9298254315485728,65,4
P0755,22,53.797478570569716,2,14,31,0,Brazil,Console,2.445339935025896,74,5
P0756,17,62.30516018918684,1,25,92,1,USA,PC,3.665009422893344,44,4
P0757,20,49.4958115294443,1,6,92,0,India,PC,2.4747905764722153,86,4
P0758,11,56.821113682117016,2,9,30,0,Australia,Mobile,5.165555789283365,73,3
P0759,24,42.25355534168642,3,5,18,0,USA,PC,1.760564805903601,66,5
P0760,24,47.05300124857854,1,13,44,0,Brazil,PC,1.9605417186907725,68,3
P0761,19,46.9121085367949,2,16,27,1,Australia,Mobile,2.4690583440418368,2,7
P0762,18,38.80132480189641,1,8,99,0,Canada,PC,2.155629155660912,37,2
P0763,13,47.348387553263265,2,18,26,1,Germany,Mobile,3.642183657943328,76,7
P0764,21,26.7707255170438,1,29,60,1,Germany,Mobile,1.274796453192562,41,4
P0765,22,42.63269379286843,1,4,18,0,USA,PC,1.937849717857656,82,3
P0766,22,45.726867599454934,3,22,97,1,UK,PC,2.078493981793406,39,3
P0767,14,46.1573037125693,3,6,89,0,UK,PC,3.2969502651835216,49,8
P0768,25,46.377538311938316,1,18,56,1,Canada,PC,1.8551015324775326,34,10
P0769,21,49.073537002098064,0,19,31,1,Germany,PC,2.336835095338003,23,5
P0770,15,57.19162277129096,3,25,59,1,USA,Console,3.8127748514193973,87,8
P0771,18,63.11775611198784,3,6,2,0,USA,PC,3.5065420062215464,16,1
P0772,17,40.25352159727599,3,23,97,1,Australia,Console,2.3678542116044703,39,6
P0773,17,31.951987169162834,0,1,39,0,Australia,Mobile,1.8795286570095784,73,2
P0774,19,34.36933381635345,0,24,61,1,USA,PC,1.8089123061238659,65,4
P0775,14,42.69195618207609,0,22,63,1,Australia,PC,3.049425441576864,43,4
P0776,23,44.72118023275236,4,15,96,0,Brazil,PC,1.9443991405544505,22,8
P0777,19,38.45005900703814,1,12,18,0,Australia,Mobile,2.023687316159902,5,7
P0778,24,30.558250036251582,3,7,17,0,Canada,Console,1.2732604181771492,65,4
P0779,21,43.15818758788718,0,5,98,0,UK,Console,2.0551517898993894,20,7
P0780,24,52.72139930170957,0,5,39,0,UK,PC,2.1967249709045653,34,5
P0781,31,58.925441987533475,4,8,71,0,Brazil,PC,1.9008207092752734,28,7
P0782,11,41.63865420337518,1,3,54,0,India,PC,3.7853322003068346,6,3
P0783,17,43.80503266784849,2,26,99,1,Brazil,PC,2.5767666275204992,92,4
P0784,27,36.09952536729034,4,10,94,0,Canada,Mobile,1.3370194580477903,52,8
P0785,17,49.528412444378354,1,4,76,0,USA,PC,2.913436026139903,36,7
P0786,19,37.27357048713778,0,24,35,1,Brazil,Mobile,1.9617668677440938,22,2
P0787,11,58.596917198618,1,16,11,1,USA,PC,5.326992472601637,96,2
P0788,7,23.212002620988333,2,19,61,1,Canada,Console,3.316000374426905,7,6
P0789,27,44.60555491321306,1,6,44,0,Japan,Console,1.6520575893782616,75,8
P0790,20,54.51661008787613,1,26,68,1,Canada,PC,2.7258305043938065,47,4
P0791,18,52.757517744837564,1,14,25,0,Germany,PC,2.9309732080465314,9,6
P0792,29,90.39550495970745,3,24,48,1,USA,Mobile,3.1170863779209466,78,8
P0793,19,55.24700036851861,1,14,32,0,UK,PC,2.9077368615009798,23,6
P0794,16,34.93918104736984,1,13,84,0,Brazil,PC,2.183698815460615,89,4
P0795,15,48.5680362936639,3,12,95,0,Japan,PC,3.23786908624426,46,6
P0796,21,23.356304998003225,1,10,4,0,Canada,Console,1.1122049999049155,52,6
P0797,14,48.791003760548584,2,27,38,1,USA,Mobile,3.485071697182042,38,4
P0798,16,37.50415914498862,0,12,63,0,Japan,Console,2.3440099465617887,66,4
P0799,25,63.730854133402424,1,25,47,1,India,Mobile,2.549234165336097,65,5
P0800,20,41.756895881066974,3,21,1,1,Germany,Console,2.087844794053349,5,9
P0801,12,48.2485112630713,1,27,3,1,India,PC,4.020709271922608,20,5
P0802,21,40.46663237893395,4,23,86,1,Canada,Console,1.92698249423495,72,6
P0803,19,76.08277027779997,2,28,62,1,India,Console,4.004356330410524,73,9
P0804,25,45.18135850823133,0,8,64,0,India,Mobile,1.8072543403292531,35,3
P0805,19,77.48835565218803,4,9,17,0,Germany,Mobile,4.078334508009896,2,10
P0806,22,62.212276431774,2,3,78,0,Germany,Console,2.8278307468988184,87,7
P0807,11,57.231000910030794,1,16,62,1,Australia,Mobile,5.202818264548254,85,6
P0808,24,55.530997209762795,1,13,35,0,Germany,Mobile,2.313791550406783,77,5
P0809,16,55.906959473243774,2,23,13,1,Japan,Mobile,3.494184967077736,41,5
P0810,15,21.08491130981585,1,17,35,1,Australia,Mobile,1.4056607539877235,44,9
P0811,24,45.81674908773865,2,10,43,0,Germany,Mobile,1.9090312119891104,43,7
P0812,16,62.67736956776483,2,15,2,0,India,Console,3.9173355979853017,90,7
P0813,16,49.26654224788842,1,0,56,0,UK,Mobile,3.079158890493026,32,5
P0814,19,28.922152297946376,1,28,77,1,UK,PC,1.5222185419971777,59,2
P0815,20,49.213933241337955,5,6,51,0,Australia,Console,2.4606966620668977,85,5
P0816,13,75.56158274383236,1,27,54,1,Germany,Console,5.812429441833259,92,4
P0817,25,68.70337573302079,6,9,16,0,Japan,Console,2.7481350293208315,82,7
P0818,16,49.069939859509525,4,8,18,0,Brazil,Mobile,3.0668712412193453,82,3
P0819,17,64.2717391558713,2,26,7,1,USA,PC,3.780690538580665,69,3
P0820,21,44.50239469447922,1,27,45,1,Canada,Mobile,2.1191616521180583,82,6
P0821,24,24.441926197599216,1,27,36,1,Japan,Console,1.018413591566634,76,3
P0822,27,36.133010178056686,3,24,41,1,Brazil,Console,1.3382596362243218,25,5
P0823,15,73.44333152762297,2,2,94,0,Canada,Console,4.8962221018415315,85,3
P0824,24,45.89010377256044,1,21,42,1,Brazil,Console,1.9120876571900183,20,8
P0825,14,46.34924030937473,4,22,7,1,Brazil,Mobile,3.3106600220981948,99,3
P0826,22,45.502427055876794,2,13,15,0,Australia,PC,2.0682921389034905,1,7
P0827,19,78.56204884359511,1,25,60,1,UK,PC,4.13484467597869,46,5
P0828,24,74.38938373043095,3,24,40,1,USA,Console,3.099557655434623,29,6
P0829,22,83.281703501722,2,14,83,0,Brazil,PC,3.7855319773510003,26,4
P0830,26,47.61432184399923,4,1,37,0,Germany,Console,1.8313200709230473,70,6
P0831,15,54.434367331206424,4,23,66,1,Canada,Console,3.6289578220804284,19,7
P0832,21,27.250361758688133,1,13,55,0,Japan,PC,1.2976362742232443,49,10
P0833,25,72.15401639177412,4,15,77,0,UK,Console,2.886160655670965,94,7
P0834,23,32.48330673098097,0,6,95,0,Canada,PC,1.4123176839556943,22,6
P0835,20,53.251633456439436,3,3,80,0,Australia,Console,2.662581672821972,12,4
P0836,19,33.54046208550734,3,17,56,1,Germany,PC,1.765287478184597,80,6
P0837,20,41.16699759891956,2,23,44,1,Germany,Console,2.058349879945978,3,2
P0838,18,37.441063534254496,3,26,57,1,Brazil,PC,2.080059085236361,13,2
P0839,13,40.881871089862734,1,4,6,0,Germany,Console,3.144759314604826,19,3
P0840,14,41.91315945276532,4,5,92,0,USA,Console,2.9937971037689515,12,9
P0841,19,41.775968076123846,3,29,32,1,Australia,Console,2.198735161901255,2,4
P0842,22,62.50000867670461,0,26,74,1,Germany,PC,2.840909485304755,89,7
P0843,18,33.4270581040622,2,6,18,0,Brazil,Mobile,1.8570587835590109,89,8
P0844,22,53.308121405208006,1,14,68,0,Canada,Console,2.4230964275094546,81,6
P0845,22,68.26938728458337,0,25,73,1,Australia,Console,3.1031539674810626,95,3
P0846,23,42.30205453229906,3,0,7,0,Germany,PC,1.8392197622738722,77,6
P0847,16,39.23121663878597,1,23,8,1,UK,Console,2.4519510399241233,46,3
P0848,17,46.542130622296234,1,3,64,0,Australia,Console,2.737772389546837,2,7
P0849,23,67.69587812541064,1,28,7,1,Australia,Console,2.9432990489308977,0,6
P0850,17,52.911614464300364,4,24,41,1,Japan,Console,3.112447909664727,89,2
P0851,24,42.03178558088602,3,0,40,0,UK,Mobile,1.7513243992035843,23,1
P0852,17,57.2581497678206,0,10,3,0,UK,Mobile,3.3681264569306233,34,2
P0853,22,33.46561775245365,1,17,17,1,Canada,Console,1.5211644432933478,13,5
P0854,13,60.22039265664422,4,13,66,0,India,Console,4.63233789666494,66,4
P0855,19,56.12910961552652,2,21,79,1,Japan,Console,2.9541636639750797,12,5
P0856,21,45.38287293291674,1,10,93,0,UK,Mobile,2.1610891872817497,46,8
P0857,36,37.421213023291536,2,9,52,0,UK,Mobile,1.039478139535876,49,4
P0858,19,36.69978616574814,1,26,22,1,India,PC,1.9315676929341123,77,6
P0859,17,58.02226004518865,3,29,4,1,Canada,PC,3.4130741203052146,84,3
P0860,17,68.43470753733592,3,16,6,1,Japan,Console,4.025571031607996,25,4
P0861,23,40.44038379456808,6,3,38,0,UK,Console,1.7582775562855686,2,8
P0862,25,56.87580055327226,1,23,26,1,Brazil,Mobile,2.2750320221308904,50,5
P0863,26,18.69459472096897,3,14,11,0,Canada,Console,0.7190228738834219,39,7
P0864,23,41.23073404014201,1,25,90,1,Japan,Console,1.792640610440957,67,2
P0865,13,49.53411600693647,4,15,17,0,UK,Mobile,3.81031661591819,35,5
P0866,17,36.354748745272495,2,20,88,1,UK,Mobile,2.1385146320748527,50,10
P0867,17,35.95240437815606,3,12,92,0,India,Mobile,2.114847316362121,0,4
P0868,23,39.983306652966704,1,8,99,0,Japan,Mobile,1.7384046370855089,32,5
P0869,22,54.3828909248956,2,10,31,0,Brazil,PC,2.4719495874952546,6,3
P0870,27,47.19006472390438,2,10,77,0,Canada,Mobile,1.7477801749594215,51,3
P0871,12,16.42653150012542,2,5,35,0,Germany,Mobile,1.3688776250104517,10,8
P0872,24,18.189497710474008,1,0,16,0,USA,Console,0.757895737936417,26,3
P0873,25,40.89702233214237,4,21,79,1,Brazil,Console,1.6358808932856947,13,7
P0874,21,56.86529879080328,1,5,18,0,Germany,Console,2.7078713709906324,85,8
P0875,22,8.78742735912148,1,12,62,0,Brazil,PC,0.5,79,4
P0876,26,42.50404735772554,2,21,27,1,Japan,Mobile,1.634771052220213,45,5
P0877,20,42.106282152238684,2,23,35,1,Germany,Mobile,2.1053141076119344,75,6
P0878,17,70.82506667312671,5,21,45,1,Japan,PC,4.166180392536866,9,1
P0879,24,44.22467282430705,0,4,35,0,Germany,Mobile,1.8426947010127936,23,2
P0880,27,55.74483477111393,0,14,28,0,Brazil,Console,2.0646235100412564,60,3
P0881,21,52.118857101311946,2,26,9,1,India,PC,2.4818503381577117,17,4
P0882,21,18.04150280289199,1,17,76,1,Brazil,Mobile,0.8591191810900948,85,4
P0883,16,61.52310824947606,4,19,15,1,Japan,PC,3.8451942655922537,8,4
P0884,13,53.23094758184432,4,13,21,0,Brazil,PC,4.094688275526486,16,3
P0885,20,57.62402959511884,2,14,52,0,Australia,Mobile,2.881201479755942,57,5
P0886,30,108.8935655965449,1,25,35,1,Australia,Console,3.62978551988483,12,5
P0887,23,18.738305907521173,1,4,97,0,Germany,Mobile,0.8147089525009206,49,2
P0888,22,75.87044974641663,4,25,51,1,Australia,Mobile,3.448656806655301,5,6
P0889,16,45.688287208994666,1,3,83,0,USA,Console,2.8555179505621666,84,3
P0890,20,54.30993356604514,8,1,55,0,Germany,Mobile,2.715496678302257,50,4
P0891,14,49.31731632048137,0,6,87,0,Australia,Mobile,3.522665451462955,35,3
P0892,20,43.63645499902935,1,9,77,0,UK,Mobile,2.1818227499514675,70,6
P0893,21,41.452506076418615,3,15,44,0,Brazil,PC,1.9739288607818388,99,4
P0894,16,54.942631033595134,1,9,65,0,Canada,PC,3.433914439599696,24,1
P0895,16,27.242394549924814,3,17,93,1,Brazil,PC,1.7026496593703009,10,9
P0896,13,61.258687512826484,2,16,88,1,Australia,Mobile,4.712206731755884,43,7
P0897,24,43.757083926721194,2,29,80,1,India,Console,1.8232118302800497,13,5
P0898,20,33.04895991439463,1,20,25,1,Japan,PC,1.6524479957197316,28,4
P0899,28,43.24980713006279,2,27,87,1,Canada,Console,1.544635968930814,73,2
P0900,13,68.8572382529386,0,12,92,0,Germany,Mobile,5.296710634841431,49,4
P0901,14,41.96997369475665,1,0,47,0,India,PC,2.9978552639111897,4,5
P0902,20,55.3768042731443,0,0,80,0,Brazil,Mobile,2.768840213657215,71,4
P0903,20,39.0356558642679,5,14,56,0,Australia,Console,1.951782793213395,68,6
P0904,17,61.368827748854294,4,0,38,0,Germany,PC,3.609931044050253,87,3
P0905,19,60.282616081853064,3,5,11,0,Germany,PC,3.172769267465951,56,7
P0906,27,77.72913249944617,1,24,67,1,UK,PC,2.878856759238747,25,5
P0907,21,47.36654081751177,2,25,15,1,UK,PC,2.2555495627386555,5,6
P0908,25,60.0298220713686,1,12,1,0,Australia,Console,2.401192882854744,15,7
P0909,22,51.47101309308417,4,26,7,1,Australia,PC,2.3395915042310986,59,2
P0910,17,69.43807672794522,1,27,1,1,USA,Mobile,4.08459274870266,99,6
P0911,21,39.21751418586904,0,0,49,0,UK,PC,1.8675006755175734,11,4
P0912,14,61.17507969315922,3,4,96,0,Japan,Console,4.369648549511373,74,6
P0913,19,47.079540558249775,1,8,73,0,Canada,PC,2.4778705556973564,2,3
P0914,14,49.037177343372534,3,29,29,1,Germany,Console,3.5026555245266096,62,6
P0915,24,51.37628726672559,0,24,26,1,UK,Console,2.140678636113566,63,8
P0916,12,53.78360594640016,2,16,87,1,Australia,Mobile,4.4819671622000135,61,3
P0917,29,48.256564353170624,2,15,45,0,USA,PC,1.6640194604541594,5,7
P0918,22,53.22069774755789,1,7,93,0,Australia,PC,2.419122624888995,18,15
P0919,21,73.67177086343277,3,16,97,1,Australia,PC,3.5081795649253698,17,7
P0920,21,64.78174528422828,3,14,71,0,Australia,Mobile,3.08484501353468,79,6
P0921,23,63.03731888745345,1,23,12,1,Brazil,Mobile,2.740752995106672,86,3
P0922,27,43.16690710964194,1,0,95,0,Canada,Console,1.5987743373941459,42,2
P0923,20,36.66138757657514,3,11,32,0,UK,Console,1.8330693788287569,72,5
P0924,17,64.3295083735663,1,4,20,0,Germany,Console,3.784088727856841,2,6
P0925,21,63.14070188794692,0,23,51,1,Brazil,Mobile,3.006700089902234,71,6
P0926,14,72.09006013626473,1,5,81,0,Australia,Mobile,5.149290009733194,37,4
P0927,18,40.94029061046156,3,24,36,1,Japan,Mobile,2.2744605894700864,67,1
P0928,22,46.55677016959479,4,0,67,0,Germany,Console,2.1162168258906724,75,6
P0929,23,25.407737562118488,2,24,1,1,Brazil,Mobile,1.1046842418312386,43,8
P0930,22,44.11293340908691,0,0,27,0,Japan,Console,2.0051333367766775,94,2
P0931,17,64.94855765869171,2,9,40,0,Japan,Console,3.8205033916877476,88,2
P0932,19,43.002569311577034,1,9,97,0,Canada,PC,2.263293121661949,79,2
P0933,27,59.60719692801236,3,2,84,0,Germany,PC,2.207673960296754,62,5
P0934,17,47.14245341003283,2,16,14,1,UK,PC,2.7730854947078134,41,7
P0935,18,54.86085542332341,2,18,69,1,UK,Console,3.047825301295745,63,7
P0936,23,32.78462915276499,2,27,87,1,USA,PC,1.4254186588158693,53,9
P0937,18,51.27814174450852,0,10,79,0,Brazil,PC,2.8487856524726953,77,4
P0938,19,5.1329604364891495,3,28,6,1,USA,PC,0.5,76,7
P0939,26,47.19655762757023,2,17,33,1,India,Mobile,1.815252216445009,70,5
P0940,15,25.5429013442729,0,1,55,0,UK,Console,1.7028600896181934,75,7
P0941,22,68.08991774820224,2,8,19,0,Brazil,PC,3.09499626128192,36,7
P0942,18,61.661110291467665,2,23,77,1,Canada,Mobile,3.4256172384148704,3,3
P0943,19,57.000064729491214,2,16,29,1,USA,Mobile,3.000003406815327,1,5
P0944,22,72.8150934073907,2,27,61,1,Canada,Mobile,3.309776973063214,98,5
P0945,18,35.766252187627444,3,13,70,0,Canada,PC,1.9870140104237468,43,5
P0946,23,76.21044796873338,1,3,79,0,Australia,Mobile,3.313497737771016,66,5
P0947,20,63.98287346390577,2,28,80,1,Australia,Console,3.1991436731952883,67,8
P0948,18,46.45167069171581,2,16,24,1,Canada,Mobile,2.5806483717619897,75,2
P0949,15,67.03430220774416,3,16,23,1,USA,Mobile,4.468953480516277,82,6
P0950,24,33.40559731382549,2,11,10,0,Australia,Mobile,1.391899888076062,73,6
P0951,17,37.632287577084895,4,27,54,1,India,Mobile,2.213663975122641,61,6
P0952,17,40.8711541514045,2,19,41,1,Japan,Console,2.4041855383179116,0,1
P0953,21,42.06533437903977,1,17,49,1,Japan,PC,2.0031111609066556,16,10
P0954,31,34.15163535859621,1,2,17,0,Australia,Console,1.10166565672891,15,5
P0955,18,68.34624600642988,0,10,56,0,USA,Console,3.797013667023882,8,3
P0956,20,46.117183994452525,2,24,45,1,Japan,PC,2.3058591997226263,52,0
P0957,21,55.28757452535319,4,17,30,1,Germany,Mobile,2.6327416440644376,72,7
P0958,19,41.44472950379479,1,3,44,0,Japan,PC,2.1813015528313047,58,4
P0959,17,22.69095049177224,0,16,74,1,UK,PC,1.3347617936336613,8,6
P0960,11,54.05086037587133,2,17,55,1,USA,Console,4.913714579624666,11,4
P0961,21,21.316175368703348,0,4,19,0,Australia,PC,1.0150559699382546,40,2
P0962,21,48.97048930871797,0,13,29,0,Australia,Mobile,2.3319280623199035,14,4
P0963,19,29.475274417507844,3,9,2,0,Japan,Console,1.5513302325004128,65,9
P0964,20,79.80913998846212,2,14,36,0,USA,Mobile,3.990456999423106,74,4
P0965,22,63.67044083262083,3,0,19,0,India,Console,2.8941109469373103,10,5
P0966,22,51.5863068690722,1,15,7,0,Germany,Mobile,2.3448321304123727,7,8
P0967,19,68.95560016482003,1,10,26,0,Australia,PC,3.629242113937896,54,2
P0968,20,37.305260338013966,2,22,79,1,USA,PC,1.8652630169006983,95,2
P0969,27,58.1521906800514,4,19,38,1,Australia,PC,2.1537848400019035,5,5
P0970,20,52.9971565057807,3,5,3,0,Australia,Mobile,2.6498578252890352,52,4
P0971,14,53.96030122000505,1,23,80,1,UK,Console,3.854307230000361,19,8
P0972,14,69.08530250160152,4,28,66,1,Japan,Console,4.934664464400108,38,6
P0973,17,60.98738154169703,1,21,95,1,UK,Console,3.5874930318645313,98,9
P0974,29,54.330854942375346,3,15,92,0,Japan,PC,1.8734777566336327,71,7
P0975,20,25.176688456575558,1,29,71,1,Australia,Mobile,1.258834422828778,33,2
P0976,21,35.59930557080804,1,1,94,0,USA,Console,1.6952050271813353,56,8
P0977,17,48.15936599606414,2,0,43,0,Canada,Mobile,2.83290388212142,18,3
P0978,24,51.40058561414977,3,23,62,1,Japan,Console,2.1416910672562404,70,5
P0979,20,33.046944129891145,1,23,71,1,Canada,PC,1.6523472064945572,30,4
P0980,21,86.17515013367631,3,8,93,0,Germany,Mobile,4.10357857779411,81,5
P0981,16,72.74591082880359,2,21,24,1,UK,Console,4.546619426800224,39,4
P0982,25,59.03177480588725,2,11,39,0,Canada,Console,2.36127099223549,13,8
P0983,19,51.08055291925617,2,16,68,1,UK,Console,2.6884501536450616,99,0
P0984,23,46.81686545148273,0,29,93,1,Japan,Console,2.035515889194901,80,7
P0985,23,35.72122309966647,5,24,44,1,Japan,PC,1.5530966565072377,36,4
P0986,17,51.16220777778294,2,27,5,1,Germany,Console,3.0095416339872316,43,5
P0987,24,53.86628810214126,2,28,55,1,Japan,Console,2.2444286709225527,8,2
P0988,22,31.373591367775635,0,14,93,0,Australia,PC,1.4260723348988924,57,3
P0989,17,55.01264625867346,4,29,30,1,Germany,Console,3.236038015216086,19,3
P0990,23,47.67111426762877,1,18,29,1,Canada,Mobile,2.072657142070816,91,1
P0991,23,21.382886631839135,1,26,26,1,Japan,Mobile,0.9296907231234407,49,3
P0992,22,37.09422483830747,5,21,83,1,USA,Console,1.6861011290139758,19,4
P0993,25,43.79591699867534,0,9,26,0,Brazil,PC,1.7518366799470135,35,4
P0994,13,78.31531486010286,2,28,37,1,India,PC,6.024254989238681,26,7
P0995,12,58.34829686800637,1,25,91,1,Australia,PC,4.862358072333865,71,9
P0996,19,29.96777646350163,3,26,94,1,Brazil,Console,1.5772513928158751,31,1
P0997,18,57.29054434126456,2,11,53,0,Brazil,Console,3.182808018959142,0,3
P0998,20,26.79044016592452,5,13,30,0,UK,Mobile,1.339522008296226,16,5
P0999,12,66.2403658083061,3,8,3,0,Australia,PC,5.520030484025508,8,1
P1000,24,42.93313022273182,2,26,43,1,Australia,Console,1.7888804259471591,83,3
